City_ID,City,Country,Date,Lat,Lng,Max Temp,Humidity,Cloudiness,Wind Speed,Current Description
0,Bethel,US,2021-04-18 15:50:01,41.3712,-73.414,57.99,47,20,9.22,few clouds
1,Vila Velha,BR,2021-04-18 15:50:02,-20.3297,-40.2925,86.0,54,20,12.66,few clouds
2,Lanxi,CN,2021-04-18 15:50:02,29.2195,119.477,59.61,72,100,3.58,overcast clouds
3,West Lafayette,US,2021-04-18 15:46:58,40.4259,-86.9081,57.99,41,1,1.81,clear sky
4,Butaritari,KI,2021-04-18 15:50:03,3.0707,172.7902,82.31,77,93,12.33,overcast clouds
5,Bluff,NZ,2021-04-18 15:50:04,-46.6,168.3333,55.0,87,83,11.99,broken clouds
6,Kankon,IN,2021-04-18 15:50:04,15.0167,74.0167,86.0,74,40,5.75,scattered clouds
7,Katsuura,JP,2021-04-18 15:50:04,35.1333,140.3,55.4,58,20,6.91,few clouds
8,Nouadhibou,MR,2021-04-18 15:50:05,20.931,-17.0347,78.8,53,28,17.27,scattered clouds
9,Poum,NC,2021-04-18 15:50:05,-20.2333,164.0167,77.09,77,51,7.47,broken clouds
10,Norman Wells,CA,2021-04-18 15:50:05,65.282,-126.8329,26.6,86,20,0.92,few clouds
11,Kruisfontein,ZA,2021-04-18 15:50:06,-34.0033,24.7314,75.0,36,0,1.01,clear sky
12,Zheleznogorsk,RU,2021-04-18 15:50:06,52.331,35.3711,43.66,82,100,6.91,light rain
13,Atuona,PF,2021-04-18 15:50:06,-9.8,-139.0333,80.29,73,95,16.89,light rain
14,Puerto Escondido,MX,2021-04-18 15:50:06,15.85,-97.0667,82.4,89,1,4.61,clear sky
15,Longyearbyen,SJ,2021-04-18 15:50:07,78.2186,15.6401,30.2,80,75,19.57,light snow
16,Oussouye,SN,2021-04-18 15:50:07,12.485,-16.5469,104.0,54,0,9.22,clear sky
17,Nanakuli,US,2021-04-18 15:50:07,21.3906,-158.1547,68.0,77,1,4.61,clear sky
18,Saint-Philippe,RE,2021-04-18 15:50:08,-21.3585,55.7679,77.0,69,90,11.5,overcast clouds
19,Mazamari,PE,2021-04-18 15:50:08,-11.3258,-74.5308,85.15,58,91,3.13,overcast clouds
20,Albany,US,2021-04-18 15:50:08,42.6001,-73.9662,54.0,54,74,1.99,broken clouds
21,Kpandae,GH,2021-04-18 15:50:08,8.4689,-0.0113,96.69,34,100,3.89,overcast clouds
22,Vila Franca Do Campo,PT,2021-04-18 15:50:09,37.7167,-25.4333,64.4,88,40,12.66,scattered clouds
23,Henderson,US,2021-04-18 15:46:08,36.0397,-114.9819,63.0,15,1,13.8,clear sky
24,Qaanaaq,GL,2021-04-18 15:50:09,77.484,-69.3632,4.86,73,100,8.68,overcast clouds
25,Cayenne,GF,2021-04-18 15:50:09,4.9333,-52.3333,81.0,89,75,12.66,broken clouds
26,Vanimo,PG,2021-04-18 15:50:10,-2.6741,141.3028,76.1,87,88,3.09,overcast clouds
27,Conde,BR,2021-04-18 15:50:10,-7.2597,-34.9075,77.0,94,75,5.75,broken clouds
28,Olga,RU,2021-04-18 15:50:11,43.7444,135.2892,42.98,65,100,5.97,overcast clouds
29,Punta Arenas,CL,2021-04-18 15:46:46,-53.15,-70.9167,48.2,76,0,9.22,clear sky
30,Rikitea,PF,2021-04-18 15:50:11,-23.1203,-134.9692,76.75,74,1,6.62,clear sky
31,Bilma,NE,2021-04-18 15:50:11,18.6853,12.9164,104.2,3,45,10.36,scattered clouds
32,Cape Town,ZA,2021-04-18 15:49:15,-33.9258,18.4232,81.0,26,0,10.36,clear sky
33,Tuatapere,NZ,2021-04-18 15:50:12,-46.1333,167.6833,54.0,86,98,13.0,overcast clouds
34,Lagoa,PT,2021-04-18 15:50:12,39.05,-27.9833,60.87,86,88,14.0,overcast clouds
35,Kapaa,US,2021-04-18 15:50:12,22.0752,-159.319,69.8,73,90,6.91,overcast clouds
36,Puerto Ayora,EC,2021-04-18 15:50:12,-0.7393,-90.3518,78.8,89,75,9.22,broken clouds
37,Chaman,PK,2021-04-18 15:50:13,30.9236,66.4512,71.71,11,92,6.71,overcast clouds
38,Kaeo,NZ,2021-04-18 15:50:13,-35.1,173.7833,55.99,92,41,3.0,scattered clouds
39,Bengkulu,ID,2021-04-18 15:50:13,-3.8004,102.2655,75.25,89,76,3.89,broken clouds
40,Shimoda,JP,2021-04-18 15:50:14,34.6667,138.95,51.01,53,0,4.0,clear sky
41,Cheyenne,US,2021-04-18 15:47:40,41.14,-104.8203,46.99,42,1,24.16,clear sky
42,Polunochnoye,RU,2021-04-18 15:50:15,60.8697,60.4153,24.24,52,62,2.08,broken clouds
43,Ushuaia,AR,2021-04-18 15:50:14,-54.8,-68.3,55.4,50,0,14.97,clear sky
44,Vaini,TO,2021-04-18 15:50:15,-21.2,-175.2,69.8,88,20,10.42,few clouds
45,Dingle,PH,2021-04-18 15:50:15,10.9995,122.6711,77.56,73,100,3.4,light rain
46,Bredasdorp,ZA,2021-04-18 15:50:16,-34.5322,20.0403,80.6,17,8,12.66,clear sky
47,Russell,US,2021-04-18 15:50:16,32.3502,-85.1999,68.0,52,1,3.85,clear sky
48,Kavaratti,IN,2021-04-18 15:50:16,10.5669,72.642,84.79,68,52,6.38,broken clouds
49,Muros,ES,2021-04-18 15:50:17,42.7762,-9.0603,68.0,54,100,3.49,overcast clouds
50,Salalah,OM,2021-04-18 15:50:17,17.0151,54.0924,84.2,74,20,8.05,few clouds
51,Busselton,AU,2021-04-18 15:50:17,-33.65,115.3333,54.0,90,11,8.81,few clouds
52,Nikolskoye,RU,2021-04-18 15:50:17,59.7035,30.7861,55.4,30,0,15.66,clear sky
53,Asau,RO,2021-04-18 15:50:18,46.4333,26.4,44.01,62,100,1.61,overcast clouds
54,Sitka,US,2021-04-18 15:50:18,57.0531,-135.33,44.6,76,1,7.45,clear sky
55,Pevek,RU,2021-04-18 15:50:18,69.7008,170.3133,19.49,78,80,22.75,broken clouds
56,Hobyo,SO,2021-04-18 15:50:19,5.3505,48.5268,83.82,66,36,13.04,scattered clouds
57,Chokurdakh,RU,2021-04-18 15:50:19,70.6333,147.9167,12.24,91,100,18.1,overcast clouds
58,Joshimath,IN,2021-04-18 15:50:20,30.5667,79.5667,47.79,76,65,7.02,broken clouds
59,Clyde River,CA,2021-04-18 15:50:20,70.4692,-68.5914,6.8,85,90,10.36,mist
60,Ribeira Grande,PT,2021-04-18 15:50:20,38.5167,-28.7,66.2,82,20,10.36,few clouds
61,New Norfolk,AU,2021-04-18 15:50:20,-42.7826,147.0587,54.0,73,100,1.99,overcast clouds
62,Yar-Sale,RU,2021-04-18 15:50:21,66.8333,70.8333,-3.28,98,80,8.88,broken clouds
63,Labuhan,ID,2021-04-18 15:50:21,-6.8844,112.2051,78.22,80,100,2.51,overcast clouds
64,Victoria,HK,2021-04-18 15:50:21,22.2855,114.1577,73.0,78,100,23.06,overcast clouds
65,Castro,BR,2021-04-18 15:50:22,-24.7911,-50.0119,67.12,68,98,2.75,overcast clouds
66,Yantal,RU,2021-04-18 15:50:22,56.8471,105.2542,22.17,85,100,3.18,overcast clouds
67,Torbay,CA,2021-04-18 15:50:22,47.6666,-52.7314,39.0,100,90,20.71,light rain
68,Jamestown,US,2021-04-18 15:45:24,42.097,-79.2353,53.01,57,40,9.22,scattered clouds
69,Aklavik,CA,2021-04-18 15:50:23,68.2191,-135.0107,26.6,80,1,4.61,clear sky
70,Preobrazheniye,RU,2021-04-18 15:50:23,42.9019,133.9064,42.98,70,5,9.31,clear sky
71,Hobart,AU,2021-04-18 15:47:57,-42.8794,147.3294,55.4,62,80,16.11,broken clouds
72,Acari,PE,2021-04-18 15:50:24,-15.4311,-74.6158,80.49,56,22,8.55,few clouds
73,Mareeba,AU,2021-04-18 15:50:24,-17.0,145.4333,75.2,94,90,9.22,overcast clouds
74,Khatanga,RU,2021-04-18 15:50:24,71.9667,102.5,0.59,95,100,8.52,overcast clouds
75,Beringovskiy,RU,2021-04-18 15:50:24,63.05,179.3167,26.71,98,100,4.85,overcast clouds
76,Gidam,IN,2021-04-18 15:50:25,18.9833,81.4,85.05,36,49,3.04,scattered clouds
77,Hamilton,US,2021-04-18 15:50:25,39.1834,-84.5333,59.0,50,1,5.77,clear sky
78,Lethem,GY,2021-04-18 15:50:25,3.3803,-59.7968,86.0,66,40,13.8,scattered clouds
79,Mount Isa,AU,2021-04-18 15:50:26,-20.7333,139.5,69.8,23,0,14.97,clear sky
80,Saskylakh,RU,2021-04-18 15:50:26,71.9167,114.0833,4.15,93,98,10.02,overcast clouds
81,Bambanglipuro,ID,2021-04-18 15:50:26,-7.95,110.2833,76.28,88,43,4.21,scattered clouds
82,Saint George,US,2021-04-18 15:48:57,37.1041,-113.5841,59.0,24,0,2.44,clear sky
83,Lompoc,US,2021-04-18 15:50:27,34.6391,-120.4579,48.2,87,0,6.91,clear sky
84,Morondava,MG,2021-04-18 15:50:27,-20.2833,44.2833,78.13,64,39,7.94,scattered clouds
85,Yerbogachen,RU,2021-04-18 15:50:28,61.2767,108.0108,7.18,94,93,3.36,overcast clouds
86,Kaitangata,NZ,2021-04-18 15:50:28,-46.2817,169.8464,60.01,47,66,8.99,broken clouds
87,Krasnyy Chikoy,RU,2021-04-18 15:50:28,50.3643,108.7512,29.46,43,72,1.99,broken clouds
88,Thompson,CA,2021-04-18 15:50:28,55.7435,-97.8558,19.4,58,20,10.36,few clouds
89,Kieta,PG,2021-04-18 15:50:29,-6.2167,155.6333,78.84,80,41,3.78,scattered clouds
90,San Vicente,AR,2021-04-18 15:50:29,-26.6167,-54.1333,80.69,37,2,3.53,light rain
91,Mahebourg,MU,2021-04-18 15:50:29,-20.4081,57.7,75.2,94,75,16.11,light rain
92,Dikson,RU,2021-04-18 15:50:30,73.5069,80.5464,-3.98,100,98,4.65,overcast clouds
93,Vostok,RU,2021-04-18 15:50:30,46.4856,135.8833,32.54,91,81,3.4,broken clouds
94,Chuy,UY,2021-04-18 15:50:30,-33.6971,-53.4616,73.76,60,15,9.66,few clouds
95,Avarua,CK,2021-04-18 15:50:31,-21.2078,-159.775,77.0,83,48,6.91,light rain
96,Mataura,NZ,2021-04-18 15:50:31,-46.1927,168.8643,54.0,86,85,13.0,overcast clouds
97,Berlevag,NO,2021-04-18 15:50:31,70.8578,29.0864,41.0,75,20,17.27,few clouds
98,Atasu,KZ,2021-04-18 15:50:32,48.6814,71.6433,56.12,45,79,8.1,broken clouds
99,Capitan Bado,PY,2021-04-18 15:50:32,-23.2667,-55.5333,86.5,31,0,2.86,clear sky
100,Rawson,AR,2021-04-18 15:50:32,-43.3002,-65.1023,74.16,36,59,15.93,broken clouds
101,Gushikawa,JP,2021-04-18 15:50:32,26.3544,127.8686,64.4,77,75,5.75,broken clouds
102,Gashua,NG,2021-04-18 15:50:33,12.871,11.0482,104.49,4,56,7.67,broken clouds
103,Upernavik,GL,2021-04-18 15:50:33,72.7868,-56.1549,11.26,74,100,0.78,overcast clouds
104,Omsukchan,RU,2021-04-18 15:50:33,62.5333,155.8,7.36,94,18,3.0,few clouds
105,Sola,VU,2021-04-18 15:50:33,-13.8833,167.55,82.67,72,58,6.26,broken clouds
106,Qaqortoq,GL,2021-04-18 15:50:34,60.7167,-46.0333,30.2,27,30,6.91,scattered clouds
107,Auki,SB,2021-04-18 15:50:35,-8.7676,160.7034,77.4,87,89,3.22,overcast clouds
108,Hilo,US,2021-04-18 15:50:35,19.7297,-155.09,68.0,77,20,5.75,few clouds
109,Nishihara,JP,2021-04-18 15:50:35,26.1842,127.7558,64.4,67,20,9.22,few clouds
110,Warrington,GB,2021-04-18 15:50:36,53.3925,-2.5802,62.01,39,20,3.44,few clouds
111,Luderitz,NA,2021-04-18 15:50:36,-26.6481,15.1594,79.38,44,24,4.03,few clouds
112,Macau,MO,2021-04-18 15:50:36,22.2006,113.5461,73.4,78,40,18.41,scattered clouds
113,Pacific Grove,US,2021-04-18 15:50:36,36.6177,-121.9166,51.8,82,75,8.52,broken clouds
114,Millet,CA,2021-04-18 15:50:37,53.1001,-113.4687,32.0,74,100,9.22,overcast clouds
115,Oyama,JP,2021-04-18 15:50:37,36.3,139.8,59.0,40,75,14.97,broken clouds
116,Sahbuz,AZ,2021-04-18 15:50:37,39.4072,45.5739,73.4,33,75,2.19,broken clouds
117,Lavrentiya,RU,2021-04-18 15:50:38,65.5833,-171.0,15.19,98,95,2.33,overcast clouds
118,Tuensang,IN,2021-04-18 15:50:38,26.2833,94.8333,62.2,81,42,3.69,scattered clouds
119,El Seibo,DO,2021-04-18 15:50:38,18.7641,-69.0375,84.2,74,40,11.5,scattered clouds
120,Airai,TL,2021-04-18 15:50:39,-8.9266,125.4092,56.93,81,75,2.71,broken clouds
121,Agua Dulce,MX,2021-04-18 15:50:21,18.1333,-94.1333,82.4,83,40,19.57,scattered clouds
122,Tiksi,RU,2021-04-18 15:50:39,71.6872,128.8694,6.48,89,100,12.55,overcast clouds
123,Sambava,MG,2021-04-18 15:50:39,-14.2667,50.1667,76.95,87,100,13.8,light rain
124,Dawlatabad,AF,2021-04-18 15:50:40,36.4141,64.9053,68.76,30,30,8.84,scattered clouds
125,Port-Gentil,GA,2021-04-18 15:50:40,-0.7193,8.7815,87.8,70,20,10.36,few clouds
126,Nome,US,2021-04-18 15:50:40,64.5011,-165.4064,28.0,74,1,5.08,clear sky
127,Kahului,US,2021-04-18 15:49:35,20.8947,-156.47,69.8,94,90,5.75,light rain
128,Port Elizabeth,ZA,2021-04-18 15:50:41,-33.918,25.5701,78.8,29,0,8.05,clear sky
129,Wanaka,NZ,2021-04-18 15:50:41,-44.7,169.15,48.56,92,100,6.55,light rain
130,Mar Del Plata,AR,2021-04-18 15:50:24,-38.0023,-57.5575,71.6,73,75,13.8,broken clouds
131,Cidreira,BR,2021-04-18 15:50:41,-30.1811,-50.2056,73.53,76,15,10.04,few clouds
132,Hithadhoo,MV,2021-04-18 15:50:42,-0.6,73.0833,83.59,60,8,7.85,clear sky
133,Hambantota,LK,2021-04-18 15:50:42,6.1241,81.1185,80.6,94,20,5.75,few clouds
134,Mahanoro,MG,2021-04-18 15:50:42,-19.9,48.8,70.77,79,99,7.38,light rain
135,Mandalgovi,MN,2021-04-18 15:50:42,45.7625,106.2708,44.76,34,17,10.2,few clouds
136,Nanortalik,GL,2021-04-18 15:50:43,60.1432,-45.2371,26.83,48,7,15.32,clear sky
137,Porto Novo,BJ,2021-04-18 15:50:43,6.4965,2.6036,75.2,88,40,6.91,scattered clouds
138,Novobiryusinskiy,RU,2021-04-18 15:50:43,56.9578,97.7076,26.06,93,22,6.22,few clouds
139,Nanga Eboko,CM,2021-04-18 15:50:44,4.6833,12.3667,81.18,65,99,2.15,light rain
140,Geraldton,AU,2021-04-18 15:50:44,-28.7667,114.6,66.2,52,40,9.22,scattered clouds
141,Zhuhai,CN,2021-04-18 15:50:44,22.2769,113.5678,73.4,78,40,18.41,scattered clouds
142,Mandan,US,2021-04-18 15:50:45,46.8267,-100.8896,48.2,70,40,21.85,scattered clouds
143,Antofagasta,CL,2021-04-18 15:50:45,-23.65,-70.4,72.0,72,20,10.36,few clouds
144,Inhambane,MZ,2021-04-18 15:50:45,-23.865,35.3833,75.2,60,20,7.61,few clouds
145,Yellowknife,CA,2021-04-18 15:49:06,62.456,-114.3525,30.2,80,20,4.61,few clouds
146,Laguna,US,2021-04-18 15:50:46,38.421,-121.4238,64.99,33,1,6.91,clear sky
147,Hami,CN,2021-04-18 15:50:46,42.8,93.45,65.23,21,21,18.12,few clouds
148,Cherskiy,RU,2021-04-18 15:50:46,68.75,161.3,27.45,89,100,9.35,overcast clouds
149,Mantua,IT,2021-04-18 15:50:47,45.1667,10.7833,57.99,53,96,1.99,overcast clouds
150,Esperance,AU,2021-04-18 15:50:47,-33.8667,121.9,57.2,82,0,8.05,clear sky
151,Cockburn Town,TC,2021-04-18 15:50:20,21.4612,-71.1419,82.4,69,1,11.5,clear sky
152,Flinders,AU,2021-04-18 15:50:47,-34.5833,150.8552,55.0,84,10,1.01,clear sky
153,Mahina,PF,2021-04-18 15:50:47,-17.5065,-149.489,77.0,78,20,2.3,few clouds
154,Mitchell,US,2021-04-18 15:50:48,43.7094,-98.0298,53.6,40,1,10.36,clear sky
155,Dubrovytsya,UA,2021-04-18 15:50:48,51.5744,26.565,53.38,80,74,10.0,broken clouds
156,Jamame,SO,2021-04-18 15:50:49,0.0722,42.7506,83.34,69,75,9.78,broken clouds
157,Havoysund,NO,2021-04-18 15:50:49,70.9963,24.6622,42.8,65,0,13.8,clear sky
158,Egvekinot,RU,2021-04-18 15:50:49,66.3167,-179.1667,24.01,97,100,10.45,snow
159,Cap Malheureux,MU,2021-04-18 15:50:49,-19.9842,57.6142,77.0,84,100,3.0,overcast clouds
160,Wiarton,CA,2021-04-18 15:50:50,44.7407,-81.1332,51.01,75,40,6.91,scattered clouds
161,Alta Floresta,BR,2021-04-18 15:50:50,-9.8756,-56.0861,82.4,78,75,3.44,broken clouds
162,Tura,IN,2021-04-18 15:50:50,25.5198,90.2201,69.31,67,61,3.94,broken clouds
163,Tuktoyaktuk,CA,2021-04-18 15:50:51,69.4541,-133.0374,14.0,92,20,4.61,few clouds
164,Mogadishu,SO,2021-04-18 15:50:51,2.0371,45.3438,83.75,70,96,11.27,overcast clouds
165,Tibagi,BR,2021-04-18 15:50:51,-24.5094,-50.4136,75.34,56,51,5.1,broken clouds
166,Port Lincoln,AU,2021-04-18 15:50:52,-34.7333,135.8667,58.86,80,29,7.29,scattered clouds
167,Iqaluit,CA,2021-04-18 15:50:52,63.7506,-68.5145,17.6,67,75,3.44,broken clouds
168,Kilosa,TZ,2021-04-18 15:50:53,-6.8333,36.9833,69.4,91,95,3.31,overcast clouds
169,General Pico,AR,2021-04-18 15:50:18,-35.6566,-63.7568,78.12,55,99,14.58,overcast clouds
170,Ipixuna,BR,2021-04-18 15:50:53,-1.7625,-48.8043,80.6,89,75,11.5,moderate rain
171,Sao Filipe,CV,2021-04-18 15:50:53,14.8961,-24.4956,73.8,72,1,14.97,clear sky
172,Deer Lake,CA,2021-04-18 15:50:54,49.1667,-57.4316,37.4,100,90,12.66,mist
173,Taoudenni,ML,2021-04-18 15:50:54,22.6783,-3.9836,96.49,8,0,11.9,clear sky
174,Barrow,US,2021-04-18 15:50:54,71.2906,-156.7887,21.2,79,1,10.36,clear sky
175,Nouakchott,MR,2021-04-18 15:50:55,18.0858,-15.9785,93.2,26,0,11.5,clear sky
176,High Rock,BS,2021-04-18 15:50:55,26.6208,-78.2833,82.4,65,75,8.05,broken clouds
177,Bokoro,TD,2021-04-18 15:50:55,12.3807,17.0568,106.12,4,60,6.42,broken clouds
178,Ugoofaaru,MV,2021-04-18 15:50:55,5.6667,73.0,84.61,71,31,7.61,scattered clouds
179,Severo-Kurilsk,RU,2021-04-18 15:50:56,50.6789,156.125,34.07,85,100,23.35,overcast clouds
180,Fairbanks,US,2021-04-18 15:46:50,64.8378,-147.7164,32.0,69,1,10.36,clear sky
181,Pisco,PE,2021-04-18 15:50:56,-13.7,-76.2167,69.8,78,70,8.05,broken clouds
182,Kodiak,US,2021-04-18 15:50:56,57.79,-152.4072,42.8,81,90,13.8,moderate rain
183,Amahai,ID,2021-04-18 15:50:57,-3.3333,128.9167,78.49,82,99,0.67,overcast clouds
184,Dicabisagan,PH,2021-04-18 15:50:57,17.0818,122.4157,74.8,87,100,16.08,overcast clouds
185,Auray,FR,2021-04-18 15:50:57,47.6703,-2.9918,59.0,38,0,6.91,clear sky
186,Pudozh,RU,2021-04-18 15:50:57,61.8099,36.5345,41.31,69,37,5.55,scattered clouds
187,Kushiro,JP,2021-04-18 15:50:58,42.975,144.3747,41.14,91,55,10.51,moderate rain
188,Vardo,NO,2021-04-18 15:50:58,70.3705,31.1107,41.0,60,0,10.36,clear sky
189,Mollendo,PE,2021-04-18 15:50:58,-17.0231,-72.0147,71.37,73,50,8.08,scattered clouds
190,Puerto Narino,CO,2021-04-18 15:50:58,-3.7703,-70.3831,73.4,100,90,10.36,light rain
191,Segezha,RU,2021-04-18 15:50:59,63.7415,34.3222,37.38,78,7,4.99,clear sky
192,Alekseyevsk,RU,2021-04-18 15:50:59,57.8406,108.3492,14.27,93,100,3.18,overcast clouds
193,Selizharovo,RU,2021-04-18 15:50:59,56.8519,33.4487,51.03,52,39,10.45,scattered clouds
194,Huangpi,CN,2021-04-18 15:50:59,30.8845,114.3779,60.8,63,0,2.24,clear sky
195,Hearst,CA,2021-04-18 15:51:00,49.6835,-83.6665,46.4,34,81,6.91,broken clouds
196,East London,ZA,2021-04-18 15:51:00,-33.0153,27.9116,78.8,47,0,6.91,clear sky
197,Dudinka,RU,2021-04-18 15:51:00,69.4058,86.1778,-14.42,98,39,7.7,scattered clouds
198,Kalispell,US,2021-04-18 15:48:40,48.1958,-114.3129,51.01,53,1,4.61,clear sky
199,Eyrarbakki,IS,2021-04-18 15:51:01,63.863,-21.1481,39.0,80,75,25.32,snow
200,Tasiilaq,GL,2021-04-18 15:51:01,65.6145,-37.6368,26.6,68,20,9.22,few clouds
201,Bambous Virieux,MU,2021-04-18 15:51:01,-20.3428,57.7575,77.0,94,75,16.11,light rain
202,Vila,PT,2021-04-18 15:51:01,42.0304,-8.1588,68.0,43,100,11.01,overcast clouds
203,Vikarabad,IN,2021-04-18 15:51:02,17.3333,77.9,84.2,48,20,4.61,few clouds
204,Rio Gallegos,AR,2021-04-18 15:51:02,-51.6226,-69.2181,57.51,55,100,14.88,overcast clouds
205,Bull Savanna,JM,2021-04-18 15:51:03,17.8868,-77.5902,83.77,57,39,18.72,scattered clouds
206,Hermanus,ZA,2021-04-18 15:51:03,-34.4187,19.2345,73.99,50,10,1.99,clear sky
207,Teguise,ES,2021-04-18 15:51:03,29.0605,-13.564,73.4,53,20,17.27,few clouds
208,La Palma,US,2021-04-18 15:49:45,33.8464,-118.0467,73.99,82,1,5.44,clear sky
209,Arraial Do Cabo,BR,2021-04-18 15:51:04,-22.9661,-42.0278,82.4,69,20,8.05,few clouds
210,Karratha,AU,2021-04-18 15:51:04,-20.7377,116.8463,81.16,55,0,4.32,clear sky
211,Atambua,ID,2021-04-18 15:51:04,-9.1061,124.8925,72.05,82,65,5.44,broken clouds
212,Naryan-Mar,RU,2021-04-18 15:51:04,67.6713,53.087,18.93,92,70,7.36,broken clouds
213,Fukue,JP,2021-04-18 15:51:05,32.6881,128.8419,56.39,53,94,15.28,overcast clouds
214,Ginda,IN,2021-04-18 15:51:05,30.6945,78.4932,51.46,61,6,8.46,clear sky
215,Alcala De Henares,ES,2021-04-18 15:51:05,40.4821,-3.36,66.0,31,0,2.3,clear sky
216,Tiznit,MA,2021-04-18 15:51:06,29.5833,-9.5,73.45,47,88,12.44,overcast clouds
217,Haines Junction,CA,2021-04-18 15:51:06,60.7522,-137.5108,24.8,80,100,1.14,overcast clouds
218,Provideniya,RU,2021-04-18 15:51:07,64.3833,-173.3,26.22,94,99,2.93,overcast clouds
219,Nicoya,CR,2021-04-18 15:51:07,10.1483,-85.452,82.4,74,75,4.61,broken clouds
220,Te Anau,NZ,2021-04-18 15:51:07,-45.4167,167.7167,51.64,84,100,7.27,overcast clouds
221,Kingaroy,AU,2021-04-18 15:51:08,-26.5333,151.8333,50.0,87,0,5.75,clear sky
222,Vestmannaeyjar,IS,2021-04-18 15:51:08,63.4427,-20.2734,39.2,81,40,19.57,scattered clouds
223,Fortuna,US,2021-04-18 15:51:08,40.5982,-124.1573,44.6,100,1,2.59,clear sky
224,Dabou,CI,2021-04-18 15:51:08,5.3256,-4.3769,87.8,70,20,10.36,few clouds
225,Tiarei,PF,2021-04-18 15:51:09,-17.5333,-149.3333,77.0,78,20,2.3,few clouds
226,Teknaf,BD,2021-04-18 15:51:09,20.8624,92.3058,77.76,82,0,1.34,clear sky
227,Umm Lajj,SA,2021-04-18 15:51:09,25.0213,37.2685,81.27,63,0,5.57,clear sky
228,Tessalit,ML,2021-04-18 15:51:10,20.1986,1.0114,99.52,8,3,13.67,clear sky
229,Skowhegan,US,2021-04-18 15:51:00,44.7651,-69.7192,48.0,61,90,6.91,overcast clouds
230,Yamada,JP,2021-04-18 15:51:10,39.4667,141.95,47.97,83,100,8.52,overcast clouds
231,Sarny,UA,2021-04-18 15:51:11,51.338,26.6019,53.65,79,77,8.95,broken clouds
232,Sandakan,MY,2021-04-18 15:51:11,5.8402,118.1179,78.8,89,20,5.79,few clouds
233,Port Alfred,ZA,2021-04-18 15:47:19,-33.5906,26.891,73.74,63,0,7.18,clear sky
234,Carnarvon,AU,2021-04-18 15:46:43,-24.8667,113.6333,76.26,68,0,18.07,clear sky
235,Visby,SE,2021-04-18 15:51:11,57.6409,18.296,55.4,41,0,12.66,clear sky
236,Katangli,RU,2021-04-18 15:51:12,51.7102,143.2326,30.97,98,100,14.23,overcast clouds
237,Surovikino,RU,2021-04-18 15:51:12,48.6078,42.8486,53.92,69,100,7.47,overcast clouds
238,Sault Sainte Marie,CA,2021-04-18 15:51:12,46.5168,-84.3333,50.0,37,1,9.22,clear sky
239,Santa Maria,BR,2021-04-18 15:51:12,-29.6842,-53.8069,77.0,65,75,12.66,broken clouds
240,Hofn,IS,2021-04-18 15:51:13,64.2539,-15.2082,42.8,61,40,27.63,scattered clouds
241,Paita,PE,2021-04-18 15:51:13,-5.0892,-81.1144,87.8,55,0,3.44,clear sky
242,Namibe,AO,2021-04-18 15:51:13,-15.1961,12.1522,83.62,66,20,13.24,few clouds
243,Batemans Bay,AU,2021-04-18 15:51:14,-35.7167,150.1833,55.99,83,56,1.99,broken clouds
244,Georgetown,MY,2021-04-18 15:51:14,5.4112,100.3354,84.2,79,20,4.61,few clouds
245,Tazmalt,DZ,2021-04-18 15:51:14,36.3868,4.3989,59.4,37,86,7.94,overcast clouds
246,Pangai,TO,2021-04-18 15:51:15,-19.8,-174.35,77.67,67,96,8.75,overcast clouds
247,Half Moon Bay,US,2021-04-18 15:51:15,37.4636,-122.4286,61.0,81,1,3.27,clear sky
248,Coquimbo,CL,2021-04-18 15:51:15,-29.9533,-71.3436,57.2,88,90,2.3,overcast clouds
249,Kijang,KR,2021-04-18 15:51:16,35.2442,129.2139,51.8,54,0,2.3,clear sky
250,Isangel,VU,2021-04-18 15:51:16,-19.55,169.2667,77.32,86,31,8.25,heavy intensity rain
251,Ilulissat,GL,2021-04-18 15:51:16,69.2167,-51.1,8.6,56,20,12.66,few clouds
252,Sisimiut,GL,2021-04-18 15:51:16,66.9395,-53.6735,18.55,61,100,14.23,overcast clouds
253,Isla Del Bosque,MX,2021-04-18 15:51:17,22.7333,-105.85,75.2,69,1,5.1,clear sky
254,Halifax,CA,2021-04-18 15:50:01,44.6453,-63.5724,42.8,81,100,8.05,overcast clouds
255,Paamiut,GL,2021-04-18 15:51:17,61.994,-49.6678,25.81,38,99,5.26,overcast clouds
256,Lebu,CL,2021-04-18 15:51:17,-37.6167,-73.65,62.17,66,78,11.32,broken clouds
257,Guiratinga,BR,2021-04-18 15:51:17,-16.3494,-53.7583,88.39,44,3,4.43,clear sky
258,Boa Vista,BR,2021-04-18 15:49:38,2.8197,-60.6733,87.8,48,40,14.97,scattered clouds
259,Jacareacanga,BR,2021-04-18 15:51:18,-6.2222,-57.7528,74.7,95,100,2.57,overcast clouds
260,Macapa,BR,2021-04-18 15:51:18,0.0389,-51.0664,80.6,89,90,6.91,moderate rain
261,Pospelikha,RU,2021-04-18 15:51:18,51.95,81.7667,51.76,51,10,18.07,clear sky
262,Kyren,RU,2021-04-18 15:51:19,51.6828,102.1408,30.76,66,26,2.04,scattered clouds
263,Namtsy,RU,2021-04-18 15:51:19,62.7161,129.6658,23.0,46,0,6.71,clear sky
264,Bathsheba,BB,2021-04-18 15:51:19,13.2167,-59.5167,86.0,51,40,23.02,scattered clouds
265,Pochutla,MX,2021-04-18 15:51:20,15.7432,-96.4661,86.0,65,1,5.28,clear sky
266,Ancud,CL,2021-04-18 15:51:20,-41.8697,-73.8203,51.8,100,75,9.22,moderate rain
267,Esperanza,DO,2021-04-18 15:51:20,19.5847,-70.9849,84.2,70,40,11.5,scattered clouds
268,Bonavista,CA,2021-04-18 15:51:20,48.6499,-53.1147,37.4,100,100,4.61,moderate rain
269,Byron Bay,AU,2021-04-18 15:51:21,-28.65,153.6167,59.0,88,57,9.22,broken clouds
270,Zhigansk,RU,2021-04-18 15:51:21,66.7697,123.3711,3.87,99,100,2.98,overcast clouds
271,Bati,ET,2021-04-18 15:51:21,11.1833,40.0167,73.67,31,62,6.55,broken clouds
272,Ponta Do Sol,PT,2021-04-18 15:51:22,32.6667,-17.1,68.0,73,20,6.91,few clouds
273,Yulara,AU,2021-04-18 15:51:22,-25.2406,130.9889,60.8,41,0,8.05,clear sky
274,Marawi,PH,2021-04-18 15:51:23,7.9986,124.2928,75.0,87,100,5.99,light rain
275,Evensk,RU,2021-04-18 15:51:23,61.95,159.2333,28.89,97,100,3.36,light snow
276,Kokkola,FI,2021-04-18 15:51:23,63.8385,23.1307,57.2,33,0,8.05,clear sky
277,Rantauprapat,ID,2021-04-18 15:51:24,2.1,99.8333,73.33,97,94,2.75,overcast clouds
278,Sakakah,SA,2021-04-18 15:51:24,29.9697,40.2064,91.4,11,0,2.57,clear sky
279,Chapais,CA,2021-04-18 15:47:46,49.7834,-74.8492,44.6,61,20,3.44,few clouds
280,Narsaq,GL,2021-04-18 15:51:24,60.9167,-46.05,30.2,27,27,6.91,scattered clouds
281,Honiara,SB,2021-04-18 15:51:24,-9.4333,159.95,77.45,88,66,3.62,broken clouds
282,Srednekolymsk,RU,2021-04-18 15:51:25,67.45,153.6833,15.53,87,91,15.26,overcast clouds
283,Sapernoye,RU,2021-04-18 15:51:25,60.7167,29.9505,49.28,59,1,6.76,clear sky
284,Maine-Soroa,NE,2021-04-18 15:51:25,13.2114,12.0241,104.36,4,38,12.62,scattered clouds
285,Guerrero Negro,MX,2021-04-18 15:50:06,27.9769,-114.0611,62.53,68,3,12.33,clear sky
286,Jalu,LY,2021-04-18 15:51:26,29.0331,21.5482,99.14,8,100,4.52,overcast clouds
287,Comodoro Rivadavia,AR,2021-04-18 15:50:41,-45.8667,-67.5,64.4,45,0,8.05,clear sky
288,Tazovskiy,RU,2021-04-18 15:51:26,67.4667,78.7,-11.67,96,11,9.73,few clouds
289,Velka Nad Velickou,CZ,2021-04-18 15:51:27,48.8826,17.5206,53.01,62,40,10.36,scattered clouds
290,Lata,PT,2021-04-18 15:51:27,40.1629,-8.3327,73.0,35,100,1.01,overcast clouds
291,Richards Bay,ZA,2021-04-18 15:51:27,-28.783,32.0377,70.88,67,0,14.52,clear sky
292,Belmonte,BR,2021-04-18 15:51:28,-15.8631,-38.8828,82.4,69,40,11.5,scattered clouds
293,Palembang,ID,2021-04-18 15:51:28,-2.9167,104.7458,74.62,92,100,3.91,overcast clouds
294,Reims,FR,2021-04-18 15:47:10,49.1667,4.0833,59.0,51,0,11.5,clear sky
295,Dong Xoai,VN,2021-04-18 15:51:28,11.5333,106.9167,75.25,89,88,4.47,overcast clouds
296,Ferrandina,IT,2021-04-18 15:51:28,40.5012,16.4547,62.6,63,0,11.5,light rain
297,Jiangyou,CN,2021-04-18 15:51:29,31.7667,104.7167,58.66,90,100,1.9,overcast clouds
298,Najran,SA,2021-04-18 15:49:13,17.4924,44.1277,84.2,17,40,6.91,scattered clouds
299,Fiumicino,IT,2021-04-18 15:51:29,41.7675,12.2291,51.8,76,75,18.41,light rain
300,Ranong,TH,2021-04-18 15:51:29,9.9658,98.6348,80.02,83,97,5.97,overcast clouds
301,Tilichiki,RU,2021-04-18 15:51:30,60.4667,166.1,17.8,91,100,0.45,overcast clouds
302,Burlatskoye,RU,2021-04-18 15:51:30,45.0564,43.635,57.67,83,96,7.56,light rain
303,Maues,BR,2021-04-18 15:51:30,-3.3836,-57.7186,80.08,90,64,3.33,broken clouds
304,Hvide Sande,DK,2021-04-18 15:51:31,56.0045,8.1294,64.99,43,10,1.99,clear sky
305,Khorramshahr,IR,2021-04-18 15:51:14,30.4397,48.1664,96.8,11,0,4.61,clear sky
306,Port Keats,AU,2021-04-18 15:51:31,-14.25,129.55,75.02,40,81,8.46,broken clouds
307,Almaznyy,RU,2021-04-18 15:51:32,48.0448,40.045,55.4,58,20,8.95,few clouds
308,Dobson,US,2021-04-18 15:51:32,36.3957,-80.7226,63.0,44,40,2.1,scattered clouds
309,Kondoa,TZ,2021-04-18 15:51:32,-4.9,35.7833,64.11,87,100,4.97,light rain
310,Ambilobe,MG,2021-04-18 15:51:32,-13.2,49.05,76.8,80,95,5.01,overcast clouds
311,Hervey Bay,AU,2021-04-18 15:51:33,-25.2986,152.8535,64.0,85,0,4.0,clear sky
312,Bondo,CD,2021-04-18 15:51:33,3.8146,23.6866,75.13,81,96,3.33,light rain
313,Abu Dhabi,AE,2021-04-18 15:47:08,24.4667,54.3667,87.8,20,0,8.05,clear sky
314,Makakilo City,US,2021-04-18 15:51:33,21.3469,-158.0858,69.8,77,1,4.61,clear sky
315,Mindelo,CV,2021-04-18 15:51:34,16.8901,-24.9804,77.0,53,20,32.21,few clouds
316,Funadhoo,MV,2021-04-18 15:51:34,6.15,73.2667,84.72,72,75,8.57,broken clouds
317,Malyye Derbety,RU,2021-04-18 15:51:34,47.9547,44.6808,55.9,78,100,5.88,light rain
318,Lebanon,US,2021-04-18 15:51:35,36.2081,-86.2911,61.0,55,20,1.19,few clouds
319,Hay River,CA,2021-04-18 15:51:35,60.8156,-115.7999,33.8,69,100,8.05,overcast clouds
320,Constitucion,CL,2021-04-18 15:51:35,-35.3333,-72.4167,64.09,61,44,4.79,scattered clouds
321,San Cristobal,VE,2021-04-18 15:51:35,7.7669,-72.225,91.4,43,40,8.05,scattered clouds
322,Banyo,CM,2021-04-18 15:51:36,6.75,11.8167,77.29,61,92,4.85,light rain
323,Christchurch,NZ,2021-04-18 15:51:36,-43.5333,172.6333,55.0,100,53,2.3,broken clouds
324,Pakokku,MM,2021-04-18 15:51:36,21.3333,95.1,91.31,35,31,11.16,scattered clouds
325,Jabbeke,BE,2021-04-18 15:51:36,51.185,3.095,54.0,71,40,9.22,scattered clouds
326,Kidal,ML,2021-04-18 15:51:37,18.4411,1.4078,103.6,7,0,7.05,clear sky
327,Huzhou,CN,2021-04-18 15:51:37,30.8703,120.0933,51.33,64,100,5.59,overcast clouds
328,Perth,AU,2021-04-18 15:50:57,-31.9333,115.8333,64.99,67,0,8.05,clear sky
329,Idil,TR,2021-04-18 15:51:37,37.3411,41.8895,68.5,48,75,7.31,broken clouds
330,Tanta,EG,2021-04-18 15:51:38,30.7885,31.0019,90.39,19,0,12.44,clear sky
331,Quang Ngai,VN,2021-04-18 15:51:38,15.1167,108.8,74.19,92,46,3.18,scattered clouds
332,Hella,NO,2021-04-18 15:51:39,67.2,14.4333,53.6,40,0,10.36,clear sky
333,Nyandoma,RU,2021-04-18 15:51:39,61.669,40.1991,37.54,51,14,5.59,few clouds
334,Faanui,PF,2021-04-18 15:51:39,-16.4833,-151.75,81.97,72,8,11.1,clear sky
335,Hokitika,NZ,2021-04-18 15:51:40,-42.7167,170.9667,51.33,89,82,4.0,broken clouds
336,Codrington,AU,2021-04-18 15:51:40,-38.2667,141.9667,53.4,91,76,8.68,broken clouds
337,Dalaba,GN,2021-04-18 15:51:40,10.7,-12.25,86.65,28,98,7.05,overcast clouds
338,Fengrun,CN,2021-04-18 15:51:41,39.8333,118.1167,59.68,23,20,5.86,few clouds
339,Parabel,RU,2021-04-18 15:51:41,58.6978,81.4825,17.67,88,100,19.37,light snow
340,Kungsbacka,SE,2021-04-18 15:51:24,57.4872,12.0761,66.0,29,0,11.5,clear sky
341,Buluang,PH,2021-04-18 15:51:41,13.3068,123.3425,76.12,92,100,17.6,moderate rain
342,Palatka,US,2021-04-18 15:49:49,29.6486,-81.6376,66.0,78,100,1.68,light rain
343,Smirnykh,RU,2021-04-18 15:51:42,49.75,142.8333,35.31,91,100,11.81,light snow
344,Effingham,US,2021-04-18 15:51:42,32.3669,-81.3332,71.6,53,40,3.31,scattered clouds
345,Khanapur,IN,2021-04-18 15:51:42,15.6333,74.5167,78.8,57,40,11.5,scattered clouds
346,Cerritos,US,2021-04-18 15:51:42,33.8583,-118.0648,73.99,82,1,5.32,clear sky
347,Hasaki,JP,2021-04-18 15:51:43,35.7333,140.8333,55.4,38,75,11.5,broken clouds
348,San Patricio,US,2021-04-18 15:51:43,28.017,-97.5169,59.0,72,90,16.11,overcast clouds
349,Thinadhoo,MV,2021-04-18 15:51:43,0.5333,72.9333,83.7,59,15,6.49,few clouds
350,Dickinson,US,2021-04-18 15:51:44,29.4608,-95.0513,60.01,58,1,14.97,clear sky
351,Leningradskiy,RU,2021-04-18 15:51:44,69.3833,178.4167,15.04,84,6,8.19,clear sky
352,Piacabucu,BR,2021-04-18 15:51:45,-10.4056,-36.4344,82.63,68,71,10.22,broken clouds
353,Khash,IR,2021-04-18 15:51:45,28.2211,61.2158,71.67,18,89,6.78,overcast clouds
354,Nara,JP,2021-04-18 15:51:45,34.6851,135.8049,48.0,90,6,1.01,clear sky
355,Zima,RU,2021-04-18 15:51:46,53.9202,102.0442,31.57,48,98,4.14,overcast clouds
356,Besikduzu,TR,2021-04-18 15:51:46,41.052,39.2284,71.6,46,75,5.75,broken clouds
357,Andenes,NO,2021-04-18 15:51:46,69.3143,16.1194,48.2,53,0,14.97,clear sky
358,Fasa,IR,2021-04-18 15:51:46,28.9383,53.6482,78.8,15,40,6.91,scattered clouds
359,Baykit,RU,2021-04-18 15:51:47,61.67,96.37,25.09,96,100,6.2,light snow
360,Troitskoye,RU,2021-04-18 15:51:47,52.9821,84.6757,43.77,71,100,14.7,overcast clouds
361,Safaga,EG,2021-04-18 15:51:47,26.7292,33.9365,87.8,40,0,3.27,clear sky
362,Manthani,IN,2021-04-18 15:51:48,18.65,79.6667,97.63,15,70,4.72,broken clouds
363,Hlotse,LS,2021-04-18 15:51:48,-28.8718,28.045,58.62,27,0,3.56,clear sky
364,Ahmadpur,IN,2021-04-18 15:51:49,18.7,76.9333,93.88,14,7,6.49,clear sky
365,Moron,AR,2021-04-18 15:50:14,-34.6534,-58.6198,73.0,79,31,5.99,scattered clouds
366,Arua,UG,2021-04-18 15:51:49,3.0201,30.9111,75.06,59,88,5.19,overcast clouds
367,Henties Bay,NA,2021-04-18 15:51:49,-22.116,14.2845,85.24,36,96,14.72,overcast clouds
368,Sao Jose Da Coroa Grande,BR,2021-04-18 15:51:50,-8.8978,-35.1478,80.69,76,98,7.07,overcast clouds
369,Kurilsk,RU,2021-04-18 15:51:50,45.2333,147.8833,38.82,97,84,11.97,broken clouds
370,Matara,LK,2021-04-18 15:51:50,5.9485,80.5353,79.68,81,93,6.29,overcast clouds
371,Cabo San Lucas,MX,2021-04-18 15:51:51,22.8909,-109.9124,78.01,38,1,3.44,clear sky
372,San Carlos,VE,2021-04-18 15:51:51,9.6612,-68.5827,92.19,35,100,7.45,overcast clouds
373,Kysyl-Syr,RU,2021-04-18 15:51:51,63.8986,122.7617,-4.07,100,85,2.89,overcast clouds
374,Barranca,PE,2021-04-18 15:51:52,-10.75,-77.7667,71.8,73,59,9.1,broken clouds
375,Hohhot,CN,2021-04-18 15:51:53,40.8106,111.6522,46.4,36,0,6.71,clear sky
376,Ivanivka,UA,2021-04-18 15:51:53,46.7208,34.553,53.53,70,46,10.47,scattered clouds
377,Belaya Gora,RU,2021-04-18 15:51:53,68.5333,146.4167,7.16,97,89,1.54,overcast clouds
378,Popondetta,PG,2021-04-18 15:51:54,-8.7537,148.2534,73.58,98,100,1.77,overcast clouds
379,Balabac,PH,2021-04-18 15:51:54,7.9868,117.0645,80.82,78,100,16.78,overcast clouds
380,Saint-Denis,FR,2021-04-18 15:51:54,48.9167,2.3333,55.99,50,90,6.91,overcast clouds
381,Goderich,CA,2021-04-18 15:49:22,43.7501,-81.7165,42.8,70,99,11.5,overcast clouds
382,Shache,CN,2021-04-18 15:51:54,38.4167,77.2406,65.41,29,100,15.28,overcast clouds
383,Dubbo,AU,2021-04-18 15:47:49,-32.25,148.6167,39.2,87,0,4.61,clear sky
384,Wolgast,DE,2021-04-18 15:51:55,54.05,13.7667,44.6,87,40,8.05,scattered clouds
385,Tautira,PF,2021-04-18 15:51:55,-17.7333,-149.15,77.0,78,20,2.3,few clouds
386,Saint Anthony,US,2021-04-18 15:51:55,45.0205,-93.218,55.99,37,1,4.61,clear sky
387,Kupang,ID,2021-04-18 15:51:56,-10.1667,123.5833,77.74,78,66,8.3,broken clouds
388,Tamandare,BR,2021-04-18 15:51:56,-8.7597,-35.1047,80.15,80,100,6.51,overcast clouds
389,Los Llanos De Aridane,ES,2021-04-18 15:51:56,28.6585,-17.9182,71.6,56,20,12.66,few clouds
390,Saint-Augustin,CA,2021-04-18 15:51:56,51.226,-58.6502,40.32,75,100,21.79,overcast clouds
391,Macheng,CN,2021-04-18 15:51:57,31.1783,115.0319,59.49,57,99,1.36,overcast clouds
392,Dhadar,IN,2021-04-18 15:51:57,28.3305,75.0632,87.3,14,48,5.06,scattered clouds
393,Grand Gaube,MU,2021-04-18 15:51:57,-20.0064,57.6608,77.0,84,100,3.0,overcast clouds
394,Alexandria,EG,2021-04-18 15:51:05,31.2156,29.9553,89.6,33,0,9.22,clear sky
395,Mwingi,KE,2021-04-18 15:51:58,-0.9344,38.0601,69.49,78,75,5.68,broken clouds
396,Sulzbach-Rosenberg,DE,2021-04-18 15:51:58,49.4983,11.7517,51.01,87,90,0.85,overcast clouds
397,Petropavlovsk-Kamchatskiy,RU,2021-04-18 15:51:58,53.0452,158.6483,33.8,93,100,6.71,overcast clouds
398,Grindavik,IS,2021-04-18 15:51:59,63.8424,-22.4338,41.0,60,20,31.07,few clouds
399,Esmeraldas,BR,2021-04-18 15:51:59,-19.7625,-44.3139,80.6,50,90,6.91,overcast clouds
400,Shihezi,CN,2021-04-18 15:51:59,44.3,86.0333,64.02,36,67,5.12,broken clouds
401,Nantucket,US,2021-04-18 15:51:59,41.2835,-70.0995,53.6,47,1,14.97,clear sky
402,Mugla,TR,2021-04-18 15:52:00,37.2303,28.3557,75.2,40,75,4.61,broken clouds
403,Altrincham,GB,2021-04-18 15:52:00,53.3875,-2.3485,60.01,38,92,4.61,overcast clouds
404,Mwinilunga,ZM,2021-04-18 15:52:00,-11.7358,24.4293,65.77,76,96,8.9,overcast clouds
405,Boddam,GB,2021-04-18 15:52:00,57.4667,-1.7833,51.01,62,100,14.97,overcast clouds
406,Alyangula,AU,2021-04-18 15:52:01,-13.8483,136.4192,75.2,94,90,8.1,overcast clouds
407,Prestea,GH,2021-04-18 15:52:01,5.4327,-2.1428,89.58,55,100,8.57,overcast clouds
408,Vao,NC,2021-04-18 15:52:01,-22.6667,167.4833,76.15,80,80,16.26,broken clouds
409,Bangolo,CI,2021-04-18 15:52:01,7.0069,-7.475,94.24,35,65,4.65,broken clouds
410,Moree,AU,2021-04-18 15:52:02,-29.4667,149.85,51.8,82,0,6.91,clear sky
411,Quimper,FR,2021-04-18 15:52:02,48.0,-4.1,57.2,54,0,9.22,clear sky
412,Sinnamary,GF,2021-04-18 15:52:02,5.3833,-52.95,82.71,66,96,11.52,overcast clouds
413,Tromso,NO,2021-04-18 15:52:03,69.6496,18.957,46.4,53,0,6.91,clear sky
414,Sao Gabriel,BR,2021-04-18 15:52:03,-30.3364,-54.32,79.0,48,37,9.6,scattered clouds
415,Myrtle Beach,US,2021-04-18 15:50:41,33.6891,-78.8867,73.99,64,20,5.75,few clouds
416,Saint-Joseph,RE,2021-04-18 15:52:04,-21.3667,55.6167,77.0,69,90,11.5,overcast clouds
417,Veraval,IN,2021-04-18 15:52:04,20.9,70.3667,81.93,73,1,13.78,clear sky
418,Riverside,US,2021-04-18 15:51:38,33.7333,-116.0508,75.99,14,1,10.36,clear sky
419,Inirida,CO,2021-04-18 15:52:04,3.8653,-67.9239,82.38,83,100,0.96,overcast clouds
420,Coahuayana,MX,2021-04-18 15:52:04,18.7333,-103.6833,75.2,35,1,3.87,clear sky
421,Lorengau,PG,2021-04-18 15:52:05,-2.0226,147.2712,80.15,81,93,7.11,overcast clouds
422,Uriu,RO,2021-04-18 15:52:05,47.2,24.05,50.0,62,90,8.05,overcast clouds
423,Chara,RU,2021-04-18 15:52:05,56.9064,118.2631,2.57,79,40,3.67,scattered clouds
424,Cardston,CA,2021-04-18 15:52:06,49.2,-113.3019,37.4,56,97,17.27,overcast clouds
425,Gari,RU,2021-04-18 15:52:06,59.4307,62.3497,25.72,47,43,5.5,scattered clouds
426,Saint-Pierre,RE,2021-04-18 15:52:06,-21.3393,55.4781,77.0,69,90,11.5,overcast clouds
427,Atakpame,TG,2021-04-18 15:52:06,7.5333,1.1333,93.83,37,77,9.4,broken clouds
428,Chegem,RU,2021-04-18 15:52:07,43.2833,43.1333,60.8,63,40,4.47,scattered clouds
429,Fethiye,TR,2021-04-18 15:52:07,36.6217,29.1164,75.2,35,75,5.75,broken clouds
430,Ilan,TW,2021-04-18 15:52:07,24.757,121.753,64.0,99,77,3.4,broken clouds
431,Waingapu,ID,2021-04-18 15:52:08,-9.6567,120.2641,76.46,84,100,7.63,overcast clouds
432,Kostrzyn,PL,2021-04-18 15:52:08,52.3985,17.2281,55.99,62,75,9.22,broken clouds
433,Praxedis Guerrero,MX,2021-04-18 15:52:08,31.3667,-106.0167,50.0,53,20,18.41,few clouds
434,Alofi,NU,2021-04-18 15:52:09,-19.0595,-169.9187,68.0,94,72,2.3,broken clouds
435,San Ignacio,BZ,2021-04-18 15:52:09,17.1561,-89.0714,82.4,78,0,1.59,clear sky
436,Huarmey,PE,2021-04-18 15:52:09,-10.0681,-78.1522,73.0,75,35,8.81,scattered clouds
437,Samarai,PG,2021-04-18 15:52:10,-10.6167,150.6667,82.47,78,97,9.62,overcast clouds
438,Kangundo,KE,2021-04-18 15:52:10,-1.2979,37.3471,75.2,50,75,12.66,light rain
439,Harper,LR,2021-04-18 15:52:10,4.375,-7.7169,85.23,68,87,9.22,overcast clouds
440,Amasya,TR,2021-04-18 15:49:29,40.6667,35.8333,69.8,46,75,11.5,broken clouds
441,Ostrovnoy,RU,2021-04-18 15:52:11,68.0531,39.5131,34.57,85,72,16.15,broken clouds
442,Acapulco,MX,2021-04-18 15:52:11,16.8634,-99.8901,80.6,69,20,3.8,few clouds
443,Pangnirtung,CA,2021-04-18 15:52:11,66.1451,-65.7125,15.64,73,63,2.35,broken clouds
444,Tra Vinh,VN,2021-04-18 15:52:11,9.9347,106.3453,78.67,82,90,3.96,overcast clouds
445,Fuerte Olimpo,PY,2021-04-18 15:52:12,-21.0415,-57.8738,90.88,37,92,2.66,overcast clouds
446,Kohima,IN,2021-04-18 15:52:12,25.6667,94.1167,59.63,77,73,3.51,broken clouds
447,Sinnai,IT,2021-04-18 15:52:13,39.3042,9.2036,52.0,87,75,14.97,light rain
448,Yelizovo,RU,2021-04-18 15:52:13,53.1873,158.3805,33.8,93,100,6.71,overcast clouds
449,Fare,PF,2021-04-18 15:52:13,-16.7,-151.0167,81.72,72,3,11.32,clear sky
450,Taltal,CL,2021-04-18 15:52:14,-25.4,-70.4833,69.04,68,5,5.73,clear sky
451,College,US,2021-04-18 15:52:14,64.8569,-147.8028,32.0,69,40,5.75,scattered clouds
452,Bilibino,RU,2021-04-18 15:52:14,68.0546,166.4372,13.15,90,66,3.0,light snow
453,Conceicao Do Araguaia,BR,2021-04-18 15:48:55,-8.2578,-49.2647,77.0,88,75,5.75,broken clouds
454,Puerto Del Rosario,ES,2021-04-18 15:52:15,28.5004,-13.8627,71.6,60,20,17.27,few clouds
455,Biak,ID,2021-04-18 15:52:15,-0.9131,122.8766,74.37,80,100,3.09,overcast clouds
456,Erdemli,TR,2021-04-18 15:52:15,36.605,34.3084,76.17,51,92,1.66,overcast clouds
457,Yen Bai,VN,2021-04-18 15:52:15,21.7,104.8667,70.39,95,100,0.85,overcast clouds
458,Kalmunai,LK,2021-04-18 15:52:16,7.4167,81.8167,81.39,77,100,7.11,overcast clouds
459,Skhisma,GR,2021-04-18 15:52:16,35.2667,25.7167,71.6,73,75,3.44,broken clouds
460,Bereda,ES,2021-04-18 15:52:16,43.2686,-7.5406,69.01,33,100,7.0,overcast clouds
461,Road Town,VG,2021-04-18 15:52:17,18.4167,-64.6167,84.2,70,40,9.22,scattered clouds
462,Mitu,CO,2021-04-18 15:52:17,1.1983,-70.1733,75.99,89,100,3.87,overcast clouds
463,Ambon,ID,2021-04-18 15:52:17,-3.6954,128.1814,77.0,94,40,8.05,scattered clouds
464,Vaitape,PF,2021-04-18 15:52:18,-16.5167,-151.75,81.97,72,8,10.96,clear sky
465,Hunchun,CN,2021-04-18 15:52:18,42.8675,130.3581,44.6,60,1,3.78,clear sky
466,Inta,RU,2021-04-18 15:52:18,66.0317,60.1659,10.36,89,73,3.67,broken clouds
467,Gat,IL,2021-04-18 15:50:04,31.61,34.7642,89.01,36,2,3.0,clear sky
468,Morant Bay,JM,2021-04-18 15:52:19,17.8815,-76.4093,87.01,74,20,25.32,few clouds
469,Klaksvik,FO,2021-04-18 15:52:19,62.2266,-6.589,44.6,76,75,6.91,broken clouds
470,Souillac,MU,2021-04-18 15:52:19,-20.5167,57.5167,75.2,94,75,16.11,light rain
471,Salinas,US,2021-04-18 15:52:20,36.6777,-121.6555,51.8,93,90,3.69,mist
472,Upata,VE,2021-04-18 15:52:20,8.0086,-62.3989,90.09,32,100,9.46,overcast clouds
473,Comarapa,BO,2021-04-18 15:52:20,-17.9,-64.4833,67.8,67,58,3.51,broken clouds
474,Jabinyanah,TN,2021-04-18 15:52:21,35.035,10.9081,62.6,67,40,8.05,scattered clouds
475,Romny,UA,2021-04-18 15:52:21,50.751,33.4747,42.48,85,98,4.07,overcast clouds
476,Requena,ES,2021-04-18 15:52:21,39.4883,-1.1004,64.99,32,0,3.0,clear sky
477,Hochstadt,DE,2021-04-18 15:52:21,49.2475,8.2089,54.0,62,90,3.44,overcast clouds
478,Sao Felix Do Xingu,BR,2021-04-18 15:52:22,-6.6447,-51.995,77.4,80,100,2.93,overcast clouds
479,Lyuban,BY,2021-04-18 15:52:23,52.7985,28.0048,49.19,76,99,10.0,overcast clouds
480,Khandyga,RU,2021-04-18 15:52:23,62.6667,135.6,15.31,94,100,3.6,overcast clouds
481,Tupelo,US,2021-04-18 15:52:23,34.2576,-88.7034,60.8,55,1,5.75,clear sky
482,Guarapari,BR,2021-04-18 15:52:24,-20.6667,-40.4975,86.0,54,20,12.66,few clouds
483,Konya,TR,2021-04-18 15:52:24,38.1667,32.5,71.6,37,75,17.27,broken clouds
484,Saint Simons,US,2021-04-18 15:52:24,31.1352,-81.3901,66.2,94,40,5.75,light rain
485,Praia,CV,2021-04-18 15:52:24,14.9215,-23.5087,80.6,54,20,21.85,few clouds
486,Olafsvik,IS,2021-04-18 15:52:25,64.8945,-23.7142,37.56,82,61,32.75,light rain
487,Presidencia Roque Saenz Pena,AR,2021-04-18 15:52:25,-26.7852,-60.4388,82.99,62,0,4.0,clear sky
488,Peskovka,RU,2021-04-18 15:52:25,59.0448,52.3606,32.07,63,66,6.71,broken clouds
489,Gornopravdinsk,RU,2021-04-18 15:52:26,60.05,69.9,14.4,64,87,7.61,overcast clouds
490,Jimo,CN,2021-04-18 15:52:26,36.3897,120.4622,55.4,47,0,11.18,clear sky
491,Praia Da Vitoria,PT,2021-04-18 15:52:27,38.7333,-27.0667,66.2,72,40,10.49,scattered clouds
492,Ahipara,NZ,2021-04-18 15:52:27,-35.1667,173.1667,54.12,81,46,2.26,scattered clouds
493,Tucuman,AR,2021-04-18 15:52:27,-26.8241,-65.2226,78.8,69,75,4.61,broken clouds
494,Chesham,GB,2021-04-18 15:52:28,51.7,-0.6,59.0,24,0,3.44,clear sky
495,Noumea,NC,2021-04-18 15:52:28,-22.2763,166.4572,77.0,88,0,1.14,clear sky
496,Florianopolis,BR,2021-04-18 15:52:28,-27.6146,-48.5012,79.0,83,75,2.3,broken clouds
497,Gweta,BW,2021-04-18 15:52:29,-20.1833,25.2333,74.62,22,0,6.64,clear sky
498,Anloga,GH,2021-04-18 15:52:29,5.7947,0.8973,73.4,94,75,4.61,light rain
499,Peniche,PT,2021-04-18 15:52:29,39.3558,-9.3811,70.0,74,96,7.0,overcast clouds
500,Amapa,BR,2021-04-18 15:52:29,1.0,-52.0,73.51,96,100,3.47,overcast clouds
501,Faya,SA,2021-04-18 15:52:30,18.3851,42.4509,75.2,40,75,6.91,broken clouds
502,Pangody,RU,2021-04-18 15:52:30,65.85,74.4859,-5.24,95,58,10.45,broken clouds
503,Akureyri,IS,2021-04-18 15:52:30,65.6835,-18.0878,44.6,53,40,23.02,scattered clouds
504,Shishou,CN,2021-04-18 15:52:31,29.7226,112.419,55.71,93,100,4.56,overcast clouds
505,Santa Lucia,ES,2021-04-18 15:52:31,27.9117,-15.5407,72.0,56,20,28.77,few clouds
506,Sao Teotonio,PT,2021-04-18 15:52:31,37.5128,-8.7071,68.0,68,26,5.99,scattered clouds
507,Norsup,VU,2021-04-18 15:52:32,-16.0667,167.3833,79.59,80,100,5.95,overcast clouds
508,Whitehorse,CA,2021-04-18 15:52:32,60.7161,-135.0538,28.4,69,1,2.3,clear sky
509,Jequitinhonha,BR,2021-04-18 15:52:32,-16.4339,-41.0033,91.18,36,41,5.75,scattered clouds
510,Muroto,JP,2021-04-18 15:52:33,33.2833,134.15,53.85,56,2,13.18,clear sky
511,Padang,ID,2021-04-18 15:52:33,-0.9492,100.3543,77.45,87,60,3.62,broken clouds
512,Tjome,NO,2021-04-18 15:52:33,59.1109,10.3933,64.4,25,0,9.22,clear sky
513,Nyaunglebin,MM,2021-04-18 15:52:33,17.95,96.7333,78.49,81,12,5.3,few clouds
514,The Valley,AI,2021-04-18 15:52:34,18.217,-63.0578,86.0,65,20,13.8,few clouds
515,Mount Gambier,AU,2021-04-18 15:52:34,-37.8333,140.7667,50.0,100,44,10.36,scattered clouds
516,Yuzhou,CN,2021-04-18 15:52:34,34.1628,113.4639,59.0,41,0,4.47,clear sky
517,Ouargaye,BF,2021-04-18 15:52:35,11.5033,0.0572,102.15,20,61,2.19,light rain
518,Belyy Yar,RU,2021-04-18 15:52:35,53.6039,91.3903,37.4,52,0,4.47,clear sky
519,Tam Ky,VN,2021-04-18 15:52:36,15.5667,108.4833,78.8,83,20,2.3,few clouds
520,Santa Cruz,BO,2021-04-18 15:47:59,-17.8,-63.1667,84.9,58,61,1.48,broken clouds
521,Baker City,US,2021-04-18 15:48:59,44.7749,-117.8344,52.0,60,1,0.83,clear sky
522,Masumbwe,TZ,2021-04-18 15:52:36,-3.6333,32.1833,67.87,83,89,3.49,overcast clouds
523,Puerto Carreno,CO,2021-04-18 15:52:36,6.189,-67.4859,93.04,37,95,11.92,overcast clouds
524,Altay,CN,2021-04-18 15:52:37,47.8667,88.1167,44.78,45,5,6.89,clear sky
525,Ous,RU,2021-04-18 15:52:37,60.9058,61.5186,24.85,49,32,3.13,scattered clouds
526,Concordia,AR,2021-04-18 15:52:37,-31.393,-58.0209,73.4,78,40,11.5,scattered clouds
527,Khorixas,NA,2021-04-18 15:52:37,-20.3667,14.9667,81.64,29,91,9.66,overcast clouds
528,Pachelma,RU,2021-04-18 15:52:38,53.2443,43.3521,47.14,86,50,11.61,scattered clouds
529,Xiongyue,CN,2021-04-18 15:52:38,40.1774,122.1228,51.33,40,0,10.04,clear sky
530,Sambalpur,IN,2021-04-18 15:50:19,21.45,83.9667,82.4,61,24,3.85,haze
531,Kerouane,GN,2021-04-18 15:52:39,9.2667,-9.0167,96.01,23,95,6.58,overcast clouds
532,Plettenberg Bay,ZA,2021-04-18 15:52:39,-34.0527,23.3716,75.6,36,0,5.39,clear sky
533,Alice Springs,AU,2021-04-18 15:52:40,-23.7,133.8833,48.2,57,0,3.44,clear sky
534,Okha,RU,2021-04-18 15:52:40,53.5739,142.9478,31.86,94,100,10.47,overcast clouds
535,Dukat,RU,2021-04-18 15:52:40,62.55,155.55,12.31,89,25,3.89,scattered clouds
536,Arcos,BR,2021-04-18 15:52:40,-20.2819,-45.5394,80.56,43,28,7.02,scattered clouds
537,Loudi,CN,2021-04-18 15:52:41,27.7344,111.9944,55.24,95,100,1.28,overcast clouds
538,Lewisporte,CA,2021-04-18 15:52:41,49.2499,-55.0482,37.4,100,90,27.63,mist
539,Angoche,MZ,2021-04-18 15:52:41,-16.2325,39.9086,74.16,75,25,11.12,scattered clouds
540,Markala,ML,2021-04-18 15:52:41,13.7021,-6.0659,104.63,9,84,8.79,broken clouds
541,Kirakira,SB,2021-04-18 15:52:42,-10.4544,161.9205,79.45,84,65,4.94,broken clouds
542,Brownsville,US,2021-04-18 15:52:42,25.9018,-97.4975,60.8,72,90,11.5,overcast clouds
543,San Luis,AR,2021-04-18 15:52:42,-33.295,-66.3356,78.75,49,22,16.13,few clouds
544,Bahia Honda,CU,2021-04-18 15:52:43,22.9036,-83.1592,87.96,53,90,10.8,overcast clouds
545,Flin Flon,CA,2021-04-18 15:52:43,54.7682,-101.865,24.8,63,40,9.22,scattered clouds
546,Ust-Maya,RU,2021-04-18 15:52:43,60.4167,134.5333,26.96,90,100,8.37,light snow
547,Prince Rupert,CA,2021-04-18 15:52:44,54.3161,-130.3201,50.0,87,1,2.3,clear sky
548,Machali,CL,2021-04-18 15:52:44,-34.1833,-70.6667,57.2,82,75,3.44,haze
549,Oranjemund,NA,2021-04-18 15:52:44,-28.55,16.4333,72.95,51,14,5.21,few clouds
550,Sawtell,AU,2021-04-18 15:52:44,-30.3833,153.1,59.0,77,0,10.36,clear sky
551,Cairns,AU,2021-04-18 15:52:45,-16.9167,145.7667,75.2,94,90,9.22,light rain
552,Wewak,PG,2021-04-18 15:52:45,-3.5534,143.6268,77.2,84,100,4.36,overcast clouds
553,Camacha,PT,2021-04-18 15:52:45,33.0833,-16.3333,68.0,64,20,12.66,few clouds
554,Porto Santo,PT,2021-04-18 15:52:45,33.072,-16.3415,68.0,64,20,12.66,few clouds
555,Carutapera,BR,2021-04-18 15:52:46,-1.195,-46.02,77.61,92,100,4.45,moderate rain
556,Smidovich,RU,2021-04-18 15:52:46,48.6,133.8167,44.22,73,28,5.53,scattered clouds
557,Uglich,RU,2021-04-18 15:52:46,57.5275,38.3317,47.61,64,100,12.84,overcast clouds
558,Chepareria,KE,2021-04-18 15:52:47,1.3077,35.2039,69.91,48,100,3.76,overcast clouds
559,Arlit,NE,2021-04-18 15:52:47,18.7369,7.3853,105.15,3,100,7.74,overcast clouds
560,Mozarlandia,BR,2021-04-18 15:52:47,-14.7447,-50.5706,88.63,49,8,4.14,clear sky
561,Touros,BR,2021-04-18 15:52:47,-5.1989,-35.4608,84.2,70,75,16.11,broken clouds
562,Valparaiso,CL,2021-04-18 15:52:48,-33.0393,-71.6273,57.2,100,90,3.44,mist
563,Burlington,US,2021-04-18 15:50:31,39.8835,-74.6413,60.01,47,1,8.05,clear sky
564,Nyurba,RU,2021-04-18 15:52:48,63.2842,118.3319,10.17,97,100,3.11,overcast clouds
565,Ondjiva,AO,2021-04-18 15:52:48,-17.0667,15.7333,84.2,34,0,9.22,clear sky
566,Rio Grande,BR,2021-04-18 15:52:49,-32.035,-52.0986,77.0,61,40,13.8,scattered clouds
567,Port Augusta,AU,2021-04-18 15:52:49,-32.5,137.7667,51.8,87,100,5.75,overcast clouds
568,Meulaboh,ID,2021-04-18 15:52:49,4.1363,96.1285,79.54,79,95,1.88,overcast clouds
569,Caravelas,BR,2021-04-18 15:52:49,-17.7125,-39.2481,84.47,57,33,9.08,scattered clouds
570,Aykhal,RU,2021-04-18 15:52:50,66.0,111.5,-8.18,99,83,3.6,broken clouds
571,Pocatello,US,2021-04-18 15:52:50,42.8713,-112.4455,51.01,42,1,5.75,clear sky
572,At-Bashi,KG,2021-04-18 15:52:50,41.1702,75.8106,44.51,66,99,2.37,overcast clouds
573,Avera,US,2021-04-18 15:52:51,33.194,-82.5271,71.6,40,1,8.05,clear sky
574,Saint-Francois,FR,2021-04-18 15:52:51,46.4154,3.9054,51.8,50,0,8.05,clear sky
575,Satipo,PE,2021-04-18 15:52:51,-11.2522,-74.6386,84.92,58,94,3.38,overcast clouds
576,Kambove,CD,2021-04-18 15:52:51,-10.8764,26.5969,63.68,81,90,5.48,overcast clouds
577,Vitim,RU,2021-04-18 15:52:52,59.4511,112.5578,3.04,98,100,3.8,overcast clouds
578,Yumen,CN,2021-04-18 15:52:52,40.2833,97.2,55.58,21,94,1.66,overcast clouds
579,Mumford,GH,2021-04-18 15:52:53,5.2618,-0.759,84.96,72,100,16.08,overcast clouds
580,Shubarshi,KZ,2021-04-18 15:52:53,48.5872,57.1869,60.51,60,98,9.6,overcast clouds
581,Kununurra,AU,2021-04-18 15:52:54,-15.7667,128.7333,64.4,88,98,1.14,overcast clouds
582,Muriwai Beach,NZ,2021-04-18 15:52:54,-36.8167,174.45,54.0,92,83,3.69,broken clouds
583,Walvis Bay,NA,2021-04-18 15:52:54,-22.9575,14.5053,82.04,41,68,6.31,broken clouds
584,Sol-Iletsk,RU,2021-04-18 15:52:54,51.1631,54.9918,54.23,80,100,14.25,light rain
585,Roebourne,AU,2021-04-18 15:52:55,-20.7833,117.1333,80.6,55,0,4.43,clear sky
586,Chulman,RU,2021-04-18 15:52:55,56.8479,124.9104,13.91,93,100,13.94,snow
587,Kourou,GF,2021-04-18 15:52:55,5.1552,-52.6478,81.0,89,75,12.66,light rain
588,Priargunsk,RU,2021-04-18 15:52:56,50.3691,119.1012,37.45,37,1,18.05,clear sky
589,Muravlenko,RU,2021-04-18 15:52:56,63.7898,74.523,6.98,90,100,14.56,overcast clouds
590,Malayal,PH,2021-04-18 15:52:56,7.208,121.942,82.4,83,90,6.91,overcast clouds
591,Anadyr,RU,2021-04-18 15:52:56,64.75,177.4833,19.4,86,75,6.71,broken clouds
592,Emerald,AU,2021-04-18 15:52:57,-23.5333,148.1667,66.2,48,0,12.66,clear sky
593,Tomatlan,MX,2021-04-18 15:52:57,19.9333,-105.25,82.36,32,0,3.65,clear sky
594,Karpogory,RU,2021-04-18 15:52:57,64.0019,44.4451,33.44,54,27,3.98,scattered clouds
595,Sibu,MY,2021-04-18 15:52:57,2.3,111.8167,77.0,94,40,2.3,scattered clouds
596,Mayo,US,2021-04-18 15:52:58,38.8876,-76.5119,62.01,51,1,4.61,clear sky
597,Letka,RU,2021-04-18 15:52:58,59.6011,49.4232,33.58,60,44,6.93,scattered clouds
598,Juneau,US,2021-04-18 15:52:59,58.3019,-134.4197,44.01,87,1,7.92,clear sky
599,Galveston,US,2021-04-18 15:52:59,29.3669,-94.9669,59.0,67,1,18.41,clear sky
600,Turbat,PK,2021-04-18 15:53:00,26.0023,63.044,86.38,28,41,8.59,scattered clouds
601,Yafran,LY,2021-04-18 15:53:00,32.0633,12.5286,61.0,51,76,12.08,broken clouds
602,Port Macquarie,AU,2021-04-18 15:53:00,-31.4333,152.9167,54.0,98,40,1.99,scattered clouds
603,Fukuma,JP,2021-04-18 15:52:02,33.7667,130.4667,48.2,66,4,9.22,clear sky
604,Kizukuri,JP,2021-04-18 15:53:00,40.8061,140.3861,46.99,84,100,7.0,overcast clouds
605,Erenhot,CN,2021-04-18 15:53:01,43.6475,111.9767,54.41,15,41,10.18,scattered clouds
606,Caborca,MX,2021-04-18 15:53:01,30.5838,-111.101,66.99,32,0,1.01,clear sky
607,Huangnihe,CN,2021-04-18 15:53:01,43.5583,128.0239,40.12,53,0,4.47,clear sky
608,Bunda,TZ,2021-04-18 15:53:02,-2.05,33.8667,73.4,68,40,4.61,scattered clouds
609,Wundanyi,KE,2021-04-18 15:53:02,-3.4019,38.364,64.45,80,98,7.07,overcast clouds
610,Great Bend,US,2021-04-18 15:50:07,38.3645,-98.7648,51.01,71,1,8.05,clear sky
611,Ratangarh,IN,2021-04-18 15:53:03,28.0833,74.6,88.14,13,68,7.31,broken clouds
612,General Roca,AR,2021-04-18 15:53:03,-39.0333,-67.5833,69.8,73,0,2.3,clear sky
613,Cochrane,CA,2021-04-18 15:49:08,51.1834,-114.4687,30.99,100,90,11.99,snow
614,Cherdyn,RU,2021-04-18 15:53:04,60.403,56.4787,26.2,80,24,4.41,few clouds
615,Dunmore Town,BS,2021-04-18 15:53:04,25.5,-76.65,77.77,81,97,10.22,overcast clouds
616,Shingu,JP,2021-04-18 15:53:04,33.7333,135.9833,45.18,76,3,5.5,clear sky
617,Oudtshoorn,ZA,2021-04-18 15:53:04,-33.5907,22.2014,87.8,23,0,6.91,clear sky
618,Port Blair,IN,2021-04-18 15:53:05,11.6667,92.75,82.35,74,47,6.26,scattered clouds
619,Tezu,IN,2021-04-18 15:53:05,27.9167,96.1667,71.26,55,30,4.38,scattered clouds
620,Ulladulla,AU,2021-04-18 15:53:05,-35.35,150.4667,54.0,100,6,8.05,clear sky
621,Mitsamiouli,KM,2021-04-18 15:53:06,-11.3847,43.2844,81.03,78,16,12.41,light rain
622,Marzuq,YE,2021-04-18 15:53:06,14.4,46.4667,75.65,34,60,8.95,broken clouds
623,Jiuquan,CN,2021-04-18 15:53:06,39.7432,98.5174,58.91,15,100,4.21,overcast clouds
624,Bouna,CI,2021-04-18 15:53:06,9.2667,-3.0,101.66,22,56,4.14,broken clouds
625,Martil,MA,2021-04-18 15:51:06,35.6166,-5.2752,68.0,77,20,6.91,few clouds
626,Novoagansk,RU,2021-04-18 15:53:07,61.9449,76.6625,6.98,81,97,11.86,overcast clouds
627,Ponta Delgada,PT,2021-04-18 15:53:07,37.7333,-25.6667,64.4,88,40,12.66,scattered clouds
628,Nizhniy Kuranakh,RU,2021-04-18 15:53:07,58.8353,125.4869,17.83,94,100,6.04,snow
629,Kwinana,AU,2021-04-18 15:53:08,-32.25,115.7667,64.0,77,0,5.75,clear sky
630,Kautokeino,NO,2021-04-18 15:53:08,69.0125,23.0412,32.02,94,76,11.03,broken clouds
631,Barra Do Bugres,BR,2021-04-18 15:53:09,-15.0725,-57.1811,90.27,49,82,3.29,broken clouds
632,Kailua,US,2021-04-18 15:53:09,21.4022,-157.7394,71.6,73,40,11.5,scattered clouds
633,Luwuk,ID,2021-04-18 15:53:10,-0.9516,122.7875,75.2,84,100,3.47,overcast clouds
634,Liverpool,GB,2021-04-18 15:50:26,53.4106,-2.9779,60.8,39,20,3.44,few clouds
635,Otradnoye,RU,2021-04-18 15:53:10,59.7775,30.8181,55.4,30,0,15.66,clear sky
636,Natal,BR,2021-04-18 15:53:10,-5.795,-35.2094,84.2,70,75,14.97,broken clouds
637,Troy,US,2021-04-18 15:53:10,42.6056,-83.1499,57.0,30,1,8.05,clear sky
638,Predivinsk,RU,2021-04-18 15:53:11,57.0669,93.4378,30.87,85,98,7.65,overcast clouds
639,Pingliang,CN,2021-04-18 15:53:11,35.5392,106.6861,54.5,66,1,6.78,clear sky
640,Amuntai,ID,2021-04-18 15:52:28,-2.4177,115.2494,72.64,94,100,0.69,overcast clouds
641,Avenal,US,2021-04-18 15:48:17,36.0041,-120.129,69.01,39,1,4.41,clear sky
642,Weymouth,US,2021-04-18 15:53:11,42.2209,-70.9398,55.0,47,40,5.75,scattered clouds
643,Margate,GB,2021-04-18 15:53:12,51.3813,1.3862,53.01,59,94,1.99,overcast clouds
644,Port Hardy,CA,2021-04-18 15:53:12,50.6996,-127.4199,48.2,87,20,4.18,few clouds
645,Kismayo,SO,2021-04-18 15:53:12,-0.3582,42.5454,83.26,74,57,12.3,broken clouds
646,Robe,AU,2021-04-18 15:53:13,-37.1833,139.75,61.52,73,70,11.54,broken clouds
647,Honningsvag,NO,2021-04-18 15:53:13,70.9821,25.9704,42.8,65,0,13.8,clear sky
648,Mayumba,GA,2021-04-18 15:53:13,-3.432,10.6554,82.36,79,100,7.7,overcast clouds
649,Luanda,AO,2021-04-18 15:52:04,-8.8368,13.2343,87.8,66,20,12.66,light rain
650,Onguday,RU,2021-04-18 15:53:14,50.75,86.15,40.32,56,0,4.97,clear sky
651,Charagua,BO,2021-04-18 15:53:14,-19.8,-63.2167,77.36,71,53,3.11,broken clouds
652,Bonthe,SL,2021-04-18 15:53:14,7.5264,-12.505,85.89,65,65,11.3,broken clouds
653,Shenjiamen,CN,2021-04-18 15:53:15,29.9576,122.298,54.43,62,100,9.4,overcast clouds
654,Madimba,TZ,2021-04-18 15:53:15,-10.4,40.3333,76.55,76,48,12.71,scattered clouds
655,Bafq,IR,2021-04-18 15:53:15,31.6128,55.4107,73.54,28,100,5.14,overcast clouds
656,Ishinomaki,JP,2021-04-18 15:53:15,38.4167,141.3,48.09,79,100,35.21,overcast clouds
657,Weligama,LK,2021-04-18 15:53:16,5.9667,80.4167,80.24,79,99,5.77,overcast clouds
658,Naze,JP,2021-04-18 15:50:54,28.3667,129.4833,59.68,62,86,15.21,overcast clouds
659,Beloha,MG,2021-04-18 15:53:16,-25.1667,45.05,65.41,60,4,13.4,clear sky
660,Two Rivers,US,2021-04-18 15:53:17,44.1539,-87.5693,48.99,42,90,10.36,overcast clouds
661,Tumut,AU,2021-04-18 15:53:17,-35.3,148.2167,44.6,87,9,3.44,clear sky
662,Haradok,BY,2021-04-18 15:53:18,55.4624,29.9816,60.8,29,0,13.42,clear sky
663,Warah,PK,2021-04-18 15:53:18,27.4481,67.7978,97.83,12,100,17.58,overcast clouds
664,Fougamou,GA,2021-04-18 15:53:18,-1.2154,10.5838,93.2,59,40,2.53,scattered clouds
665,Pindwara,IN,2021-04-18 15:53:18,24.8,73.0667,86.54,13,21,4.05,few clouds
666,Oktyabrskoye,RU,2021-04-18 15:53:19,43.0645,44.7417,55.4,76,92,6.71,overcast clouds
667,Columbus,US,2021-04-18 15:49:57,39.9612,-82.9988,60.01,62,40,4.61,scattered clouds
668,Patan,NP,2021-04-18 15:53:19,27.6667,85.3333,57.2,88,40,3.44,scattered clouds
669,Scottsbluff,US,2021-04-18 15:50:14,41.8666,-103.6672,48.0,56,1,13.8,clear sky
670,Miraflores,MX,2021-04-18 15:53:19,19.2167,-98.8083,69.8,30,1,3.44,clear sky
671,Zlotow,PL,2021-04-18 15:53:20,53.3635,17.0408,55.99,61,81,5.99,broken clouds
672,Scarborough,GB,2021-04-18 15:53:20,54.2797,-0.4044,53.01,61,28,3.0,scattered clouds
673,Hirara,JP,2021-04-18 15:53:20,24.8,125.2833,67.39,64,9,20.8,clear sky
674,Mweka,CD,2021-04-18 15:53:21,-4.85,21.5667,79.68,71,99,1.61,overcast clouds
675,Krasnoarmeysk,RU,2021-04-18 15:53:21,51.0239,45.6969,52.34,65,100,4.41,overcast clouds
676,Lumeje,AO,2021-04-18 15:53:21,-11.55,20.7833,74.52,58,97,4.21,overcast clouds
677,Buin,CL,2021-04-18 15:53:21,-33.7333,-70.75,71.01,82,40,3.44,haze
678,Ayan,RU,2021-04-18 15:53:22,56.45,138.1667,27.0,95,100,8.97,overcast clouds
679,Palmer,US,2021-04-18 15:53:22,42.1584,-72.3287,55.99,47,40,6.91,scattered clouds
680,Papara,BR,2021-04-18 15:53:23,-3.9839,-38.7273,84.2,74,75,16.11,broken clouds
681,Atar,MR,2021-04-18 15:53:23,20.5169,-13.0499,93.2,12,0,9.22,clear sky
682,Beaune,FR,2021-04-18 15:53:23,47.0833,4.75,54.0,50,0,6.91,clear sky
683,Mgandu,TZ,2021-04-18 15:53:24,-5.95,34.1333,61.83,93,76,5.14,broken clouds
